{
    "data": [
        {
            "symbol": "BTCUSD",
            "pair": "BTCUSD",
            "contractType": "PERPETUAL",
            "deliveryDate": 4133404800000,
            "onboardDate": 1597042800000,
            "contractStatus": "TRADING",
            "contractSize": 100,
            "marginAsset": "BTC",
            "maintMarginPercent": "2.5000",
            "requiredMarginPercent": "5.0000",
            "baseAsset": "BTC",
            "quoteAsset": "USD",
            "pricePrecision": 1,
            "quantityPrecision": 0,
            "baseAssetPrecision": 8,
            "quotePrecision": 8,
            "equalQtyPrecision": 4,
            "maxMoveOrderLimit": 10000,
            "triggerProtect": "0.0500",
            "underlyingType": "COIN",
            "underlyingSubType": [],
            "filters": [
                {
                    "minPrice": "1000",
                    "maxPrice": "1000000",
                    "filterType": "PRICE_FILTER",
                    "tickSize": "0.1"
                },
                {
                    "stepSize": "1",
                    "filterType": "LOT_SIZE",
                    "maxQty": "1000000",
                    "minQty": "1"
                },
                {
                    "stepSize": "1",
                    "filterType": "MARKET_LOT_SIZE",
                    "maxQty": "100000",
                    "minQty": "1"
                },
                {
                    "limit": 200,
                    "filterType": "MAX_NUM_ORDERS"
                },
                {
                    "limit": 100,
                    "filterType": "MAX_NUM_ALGO_ORDERS"
                },
                {
                    "multiplierDown": "0.9000",
                    "multiplierUp": "1.1000",
                    "multiplierDecimal": "4",
                    "filterType": "PERCENT_PRICE"
                }
            ],
            "orderTypes": [
                "LIMIT",
                "MARKET",
                "STOP",
                "STOP_MARKET",
                "TAKE_PROFIT",
                "TAKE_PROFIT_MARKET",
                "TRAILING_STOP_MARKET"
            ],
            "timeInForce": [
                "GTC",
                "IOC",
                "FOK",
                "GTX"
            ],
            "liquidationFee": "0.006000",
            "marketTakeBound": "0.10"
        },
        {
            "symbol": "BTCUSD_210924",
            "pair": "BTCUSD",
            "contractType": "CURRENT_QUARTER",
            "deliveryDate": 1632470400000,
            "onboardDate": 1616745600000,
            "contractStatus": "TRADING",
            "contractSize": 100,
            "marginAsset": "BTC",
            "maintMarginPercent": "2.5000",
            "requiredMarginPercent": "5.0000",
            "baseAsset": "BTC",
            "quoteAsset": "USD",
            "pricePrecision": 1,
            "quantityPrecision": 0,
            "baseAssetPrecision": 8,
            "quotePrecision": 8,
            "equalQtyPrecision": 4,
            "maxMoveOrderLimit": 10000,
            "triggerProtect": "0.0500",
            "underlyingType": "COIN",
            "underlyingSubType": [],
            "filters": [
                {
                    "minPrice": "1000",
                    "maxPrice": "1000000",
                    "filterType": "PRICE_FILTER",
                    "tickSize": "0.1"
                },
                {
                    "stepSize": "1",
                    "filterType": "LOT_SIZE",
                    "maxQty": "1000000",
                    "minQty": "1"
                },
                {
                    "stepSize": "1",
                    "filterType": "MARKET_LOT_SIZE",
                    "maxQty": "10000",
                    "minQty": "1"
                },
                {
                    "limit": 200,
                    "filterType": "MAX_NUM_ORDERS"
                },
                {
                    "limit": 100,
                    "filterType": "MAX_NUM_ALGO_ORDERS"
                },
                {
                    "multiplierDown": "0.9000",
                    "multiplierUp": "1.1000",
                    "multiplierDecimal": "4",
                    "filterType": "PERCENT_PRICE"
                }
            ],
            "orderTypes": [
                "LIMIT",
                "MARKET",
                "STOP",
                "STOP_MARKET",
                "TAKE_PROFIT",
                "TAKE_PROFIT_MARKET",
                "TRAILING_STOP_MARKET"
            ],
            "timeInForce": [
                "GTC",
                "IOC",
                "FOK",
                "GTX"
            ],
            "liquidationFee": "0.006000",
            "marketTakeBound": "0.10"
        },
        {
            "symbol": "BTCUSD_211231",
            "pair": "BTCUSD",
            "contractType": "NEXT_QUARTER",
            "deliveryDate": 1640937600000,
            "onboardDate": 1624608000000,
            "contractStatus": "TRADING",
            "contractSize": 100,
            "marginAsset": "BTC",
            "maintMarginPercent": "2.5000",
            "requiredMarginPercent": "5.0000",
            "baseAsset": "BTC",
            "quoteAsset": "USD",
            "pricePrecision": 1,
            "quantityPrecision": 0,
            "baseAssetPrecision": 8,
            "quotePrecision": 8,
            "equalQtyPrecision": 4,
            "maxMoveOrderLimit": 10000,
            "triggerProtect": "0.0500",
            "underlyingType": "COIN",
            "underlyingSubType": [],
            "filters": [
                {
                    "minPrice": "1000",
                    "maxPrice": "1000000",
                    "filterType": "PRICE_FILTER",
                    "tickSize": "0.1"
                },
                {
                    "stepSize": "1",
                    "filterType": "LOT_SIZE",
                    "maxQty": "1000000",
                    "minQty": "1"
                },
                {
                    "stepSize": "1",
                    "filterType": "MARKET_LOT_SIZE",
                    "maxQty": "500",
                    "minQty": "1"
                },
                {
                    "limit": 200,
                    "filterType": "MAX_NUM_ORDERS"
                },
                {
                    "limit": 100,
                    "filterType": "MAX_NUM_ALGO_ORDERS"
                },
                {
                    "multiplierDown": "0.9000",
                    "multiplierUp": "1.1000",
                    "multiplierDecimal": "4",
                    "filterType": "PERCENT_PRICE"
                }
            ],
            "orderTypes": [
                "LIMIT",
                "MARKET",
                "STOP",
                "STOP_MARKET",
                "TAKE_PROFIT",
                "TAKE_PROFIT_MARKET",
                "TRAILING_STOP_MARKET"
            ],
            "timeInForce": [
                "GTC",
                "IOC",
                "FOK",
                "GTX"
            ],
            "liquidationFee": "0.006000",
            "marketTakeBound": "0.10"
        },
        {
            "symbol": "ETHUSD",
            "pair": "ETHUSD",
            "contractType": "PERPETUAL",
            "deliveryDate": 4133404800000,
            "onboardDate": 1597734000000,
            "contractStatus": "TRADING",
            "contractSize": 10,
            "marginAsset": "ETH",
            "maintMarginPercent": "2.5000",
            "requiredMarginPercent": "5.0000",
            "baseAsset": "ETH",
            "quoteAsset": "USD",
            "pricePrecision": 2,
            "quantityPrecision": 0,
            "baseAssetPrecision": 8,
            "quotePrecision": 8,
            "equalQtyPrecision": 4,
            "maxMoveOrderLimit": 10000,
            "triggerProtect": "0.0500",
            "underlyingType": "COIN",
            "underlyingSubType": [],
            "filters": [
                {
                    "minPrice": "50",
                    "maxPrice": "100000",
                    "filterType": "PRICE_FILTER",
                    "tickSize": "0.01"
                },
                {
                    "stepSize": "1",
                    "filterType": "LOT_SIZE",
                    "maxQty": "1000000",
                    "minQty": "1"
                },
                {
                    "stepSize": "1",
                    "filterType": "MARKET_LOT_SIZE",
                    "maxQty": "100000",
                    "minQty": "1"
                },
                {
                    "limit": 200,
                    "filterType": "MAX_NUM_ORDERS"
                },
                {
                    "limit": 100,
                    "filterType": "MAX_NUM_ALGO_ORDERS"
                },
                {
                    "multiplierDown": "0.9000",
                    "multiplierUp": "1.1000",
                    "multiplierDecimal": "4",
                    "filterType": "PERCENT_PRICE"
                }
            ],
            "orderTypes": [
                "LIMIT",
                "MARKET",
                "STOP",
                "STOP_MARKET",
                "TAKE_PROFIT",
                "TAKE_PROFIT_MARKET",
                "TRAILING_STOP_MARKET"
            ],
            "timeInForce": [
                "GTC",
                "IOC",
                "FOK",
                "GTX"
            ],
            "liquidationFee": "0.010000",
            "marketTakeBound": "0.10"
        },
        {
            "symbol": "ETHUSD_210924",
            "pair": "ETHUSD",
            "contractType": "CURRENT_QUARTER",
            "deliveryDate": 1632470400000,
            "onboardDate": 1616745600000,
            "contractStatus": "TRADING",
            "contractSize": 10,
            "marginAsset": "ETH",
            "maintMarginPercent": "2.5000",
            "requiredMarginPercent": "5.0000",
            "baseAsset": "ETH",
            "quoteAsset": "USD",
            "pricePrecision": 2,
            "quantityPrecision": 0,
            "baseAssetPrecision": 8,
            "quotePrecision": 8,
            "equalQtyPrecision": 4,
            "maxMoveOrderLimit": 10000,
            "triggerProtect": "0.0500",
            "underlyingType": "COIN",
            "underlyingSubType": [],
            "filters": [
                {
                    "minPrice": "50",
                    "maxPrice": "100000",
                    "filterType": "PRICE_FILTER",
                    "tickSize": "0.01"
                },
                {
                    "stepSize": "1",
                    "filterType": "LOT_SIZE",
                    "maxQty": "1000000",
                    "minQty": "1"
                },
                {
                    "stepSize": "1",
                    "filterType": "MARKET_LOT_SIZE",
                    "maxQty": "100000",
                    "minQty": "1"
                },
                {
                    "limit": 200,
                    "filterType": "MAX_NUM_ORDERS"
                },
                {
                    "limit": 100,
                    "filterType": "MAX_NUM_ALGO_ORDERS"
                },
                {
                    "multiplierDown": "0.9000",
                    "multiplierUp": "1.1000",
                    "multiplierDecimal": "4",
                    "filterType": "PERCENT_PRICE"
                }
            ],
            "orderTypes": [
                "LIMIT",
                "MARKET",
                "STOP",
                "STOP_MARKET",
                "TAKE_PROFIT",
                "TAKE_PROFIT_MARKET",
                "TRAILING_STOP_MARKET"
            ],
            "timeInForce": [
                "GTC",
                "IOC",
                "FOK",
                "GTX"
            ],
            "liquidationFee": "0.010000",
            "marketTakeBound": "0.10"
        },
        {
            "symbol": "ETHUSD_211231",
            "pair": "ETHUSD",
            "contractType": "NEXT_QUARTER",
            "deliveryDate": 1640937600000,
            "onboardDate": 1624608000000,
            "contractStatus": "TRADING",
            "contractSize": 10,
            "marginAsset": "ETH",
            "maintMarginPercent": "2.5000",
            "requiredMarginPercent": "5.0000",
            "baseAsset": "ETH",
            "quoteAsset": "USD",
            "pricePrecision": 2,
            "quantityPrecision": 0,
            "baseAssetPrecision": 8,
            "quotePrecision": 8,
            "equalQtyPrecision": 4,
            "maxMoveOrderLimit": 10000,
            "triggerProtect": "0.0500",
            "underlyingType": "COIN",
            "underlyingSubType": [],
            "filters": [
                {
                    "minPrice": "50",
                    "maxPrice": "100000",
                    "filterType": "PRICE_FILTER",
                    "tickSize": "0.01"
                },
                {
                    "stepSize": "1",
                    "filterType": "LOT_SIZE",
                    "maxQty": "1000000",
                    "minQty": "1"
                },
                {
                    "stepSize": "1",
                    "filterType": "MARKET_LOT_SIZE",
                    "maxQty": "5000",
                    "minQty": "1"
                },
                {
                    "limit": 200,
                    "filterType": "MAX_NUM_ORDERS"
                },
                {
                    "limit": 100,
                    "filterType": "MAX_NUM_ALGO_ORDERS"
                },
                {
                    "multiplierDown": "0.9000",
                    "multiplierUp": "1.1000",
                    "multiplierDecimal": "4",
                    "filterType": "PERCENT_PRICE"
                }
            ],
            "orderTypes": [
                "LIMIT",
                "MARKET",
                "STOP",
                "STOP_MARKET",
                "TAKE_PROFIT",
                "TAKE_PROFIT_MARKET",
                "TRAILING_STOP_MARKET"
            ],
            "timeInForce": [
                "GTC",
                "IOC",
                "FOK",
                "GTX"
            ],
            "liquidationFee": "0.010000",
            "marketTakeBound": "0.10"
        },
        {
            "symbol": "LINKUSD",
            "pair": "LINKUSD",
            "contractType": "PERPETUAL",
            "deliveryDate": 4133404800000,
            "onboardDate": 1597734000000,
            "contractStatus": "TRADING",
            "contractSize": 10,
            "marginAsset": "LINK",
            "maintMarginPercent": "2.5000",
            "requiredMarginPercent": "5.0000",
            "baseAsset": "LINK",
            "quoteAsset": "USD",
            "pricePrecision": 3,
            "quantityPrecision": 0,
            "baseAssetPrecision": 8,
            "quotePrecision": 8,
            "equalQtyPrecision": 4,
            "maxMoveOrderLimit": 10000,
            "triggerProtect": "0.0500",
            "underlyingType": "COIN",
            "underlyingSubType": [
                "DEFI",
                "HOT"
            ],
            "filters": [
                {
                    "minPrice": "0.500",
                    "maxPrice": "2000",
                    "filterType": "PRICE_FILTER",
                    "tickSize": "0.001"
                },
                {
                    "stepSize": "1",
                    "filterType": "LOT_SIZE",
                    "maxQty": "1000000",
                    "minQty": "1"
                },
                {
                    "stepSize": "1",
                    "filterType": "MARKET_LOT_SIZE",
                    "maxQty": "100000",
                    "minQty": "1"
                },
                {
                    "limit": 200,
                    "filterType": "MAX_NUM_ORDERS"
                },
                {
                    "limit": 100,
                    "filterType": "MAX_NUM_ALGO_ORDERS"
                },
                {
                    "multiplierDown": "0.9000",
                    "multiplierUp": "1.1000",
                    "multiplierDecimal": "4",
                    "filterType": "PERCENT_PRICE"
                }
            ],
            "orderTypes": [
                "LIMIT",
                "MARKET",
                "STOP",
                "STOP_MARKET",
                "TAKE_PROFIT",
                "TAKE_PROFIT_MARKET",
                "TRAILING_STOP_MARKET"
            ],
            "timeInForce": [
                "GTC",
                "IOC",
                "FOK",
                "GTX"
            ],
            "liquidationFee": "0.010000",
            "marketTakeBound": "0.10"
        },
        {
            "symbol": "BNBUSD",
            "pair": "BNBUSD",
            "contractType": "PERPETUAL",
            "deliveryDate": 4133404800000,
            "onboardDate": 1597993200000,
            "contractStatus": "TRADING",
            "contractSize": 10,
            "marginAsset": "BNB",
            "maintMarginPercent": "2.5000",
            "requiredMarginPercent": "5.0000",
            "baseAsset": "BNB",
            "quoteAsset": "USD",
            "pricePrecision": 3,
            "quantityPrecision": 0,
            "baseAssetPrecision": 8,
            "quotePrecision": 8,
            "equalQtyPrecision": 4,
            "maxMoveOrderLimit": 10000,
            "triggerProtect": "0.0500",
            "underlyingType": "COIN",
            "underlyingSubType": [
                "BSC",
                "HOT"
            ],
            "filters": [
                {
                    "minPrice": "7",
                    "maxPrice": "3000",
                    "filterType": "PRICE_FILTER",
                    "tickSize": "0.001"
                },
                {
                    "stepSize": "1",
                    "filterType": "LOT_SIZE",
                    "maxQty": "1000000",
                    "minQty": "1"
                },
                {
                    "stepSize": "1",
                    "filterType": "MARKET_LOT_SIZE",
                    "maxQty": "100000",
                    "minQty": "1"
                },
                {
                    "limit": 200,
                    "filterType": "MAX_NUM_ORDERS"
                },
                {
                    "limit": 100,
                    "filterType": "MAX_NUM_ALGO_ORDERS"
                },
                {
                    "multiplierDown": "0.9000",
                    "multiplierUp": "1.1000",
                    "multiplierDecimal": "4",
                    "filterType": "PERCENT_PRICE"
                }
            ],
            "orderTypes": [
                "LIMIT",
                "MARKET",
                "STOP",
                "STOP_MARKET",
                "TAKE_PROFIT",
                "TAKE_PROFIT_MARKET",
                "TRAILING_STOP_MARKET"
            ],
            "timeInForce": [
                "GTC",
                "IOC",
                "FOK",
                "GTX"
            ],
            "liquidationFee": "0.010000",
            "marketTakeBound": "0.10"
        },
        {
            "symbol": "TRXUSD",
            "pair": "TRXUSD",
            "contractType": "PERPETUAL",
            "deliveryDate": 4133404800000,
            "onboardDate": 1598338800000,
            "contractStatus": "TRADING",
            "contractSize": 10,
            "marginAsset": "TRX",
            "maintMarginPercent": "2.5000",
            "requiredMarginPercent": "5.0000",
            "baseAsset": "TRX",
            "quoteAsset": "USD",
            "pricePrecision": 5,
            "quantityPrecision": 0,
            "baseAssetPrecision": 8,
            "quotePrecision": 8,
            "equalQtyPrecision": 4,
            "maxMoveOrderLimit": 10000,
            "triggerProtect": "0.0500",
            "underlyingType": "COIN",
            "underlyingSubType": [],
            "filters": [
                {
                    "minPrice": "0.00150",
                    "maxPrice": "5",
                    "filterType": "PRICE_FILTER",
                    "tickSize": "0.00001"
                },
                {
                    "stepSize": "1",
                    "filterType": "LOT_SIZE",
                    "maxQty": "1000000",
                    "minQty": "1"
                },
                {
                    "stepSize": "1",
                    "filterType": "MARKET_LOT_SIZE",
                    "maxQty": "65906",
                    "minQty": "1"
                },
                {
                    "limit": 200,
                    "filterType": "MAX_NUM_ORDERS"
                },
                {
                    "limit": 100,
                    "filterType": "MAX_NUM_ALGO_ORDERS"
                },
                {
                    "multiplierDown": "0.9000",
                    "multiplierUp": "1.1000",
                    "multiplierDecimal": "4",
                    "filterType": "PERCENT_PRICE"
                }
            ],
            "orderTypes": [
                "LIMIT",
                "MARKET",
                "STOP",
                "STOP_MARKET",
                "TAKE_PROFIT",
                "TAKE_PROFIT_MARKET",
                "TRAILING_STOP_MARKET"
            ],
            "timeInForce": [
                "GTC",
                "IOC",
                "FOK",
                "GTX"
            ],
            "liquidationFee": "0.010000",
            "marketTakeBound": "0.10"
        },
        {
            "symbol": "DOTUSD",
            "pair": "DOTUSD",
            "contractType": "PERPETUAL",
            "deliveryDate": 4133404800000,
            "onboardDate": 1598338800000,
            "contractStatus": "TRADING",
            "contractSize": 10,
            "marginAsset": "DOT",
            "maintMarginPercent": "2.5000",
            "requiredMarginPercent": "5.0000",
            "baseAsset": "DOT",
            "quoteAsset": "USD",
            "pricePrecision": 3,
            "quantityPrecision": 0,
            "baseAssetPrecision": 8,
            "quotePrecision": 8,
            "equalQtyPrecision": 4,
            "maxMoveOrderLimit": 10000,
            "triggerProtect": "0.0500",
            "underlyingType": "COIN",
            "underlyingSubType": [
                "HOT"
            ],
            "filters": [
                {
                    "minPrice": "0.400",
                    "maxPrice": "1000",
                    "filterType": "PRICE_FILTER",
                    "tickSize": "0.001"
                },
                {
                    "stepSize": "1",
                    "filterType": "LOT_SIZE",
                    "maxQty": "1000000",
                    "minQty": "1"
                },
                {
                    "stepSize": "1",
                    "filterType": "MARKET_LOT_SIZE",
                    "maxQty": "100000",
                    "minQty": "1"
                },
                {
                    "limit": 200,
                    "filterType": "MAX_NUM_ORDERS"
                },
                {
                    "limit": 100,
                    "filterType": "MAX_NUM_ALGO_ORDERS"
                },
                {
                    "multiplierDown": "0.9000",
                    "multiplierUp": "1.1000",
                    "multiplierDecimal": "4",
                    "filterType": "PERCENT_PRICE"
                }
            ],
            "orderTypes": [
                "LIMIT",
                "MARKET",
                "STOP",
                "STOP_MARKET",
                "TAKE_PROFIT",
                "TAKE_PROFIT_MARKET",
                "TRAILING_STOP_MARKET"
            ],
            "timeInForce": [
                "GTC",
                "IOC",
                "FOK",
                "GTX"
            ],
            "liquidationFee": "0.010000",
            "marketTakeBound": "0.10"
        },
        {
            "symbol": "ADAUSD",
            "pair": "ADAUSD",
            "contractType": "PERPETUAL",
            "deliveryDate": 4133404800000,
            "onboardDate": 1598425200000,
            "contractStatus": "TRADING",
            "contractSize": 10,
            "marginAsset": "ADA",
            "maintMarginPercent": "2.5000",
            "requiredMarginPercent": "5.0000",
            "baseAsset": "ADA",
            "quoteAsset": "USD",
            "pricePrecision": 5,
            "quantityPrecision": 0,
            "baseAssetPrecision": 8,
            "quotePrecision": 8,
            "equalQtyPrecision": 4,
            "maxMoveOrderLimit": 10000,
            "triggerProtect": "0.0500",
            "underlyingType": "COIN",
            "underlyingSubType": [
                "HOT"
            ],
            "filters": [
                {
                    "minPrice": "0.01700",
                    "maxPrice": "5",
                    "filterType": "PRICE_FILTER",
                    "tickSize": "0.00001"
                },
                {
                    "stepSize": "1",
                    "filterType": "LOT_SIZE",
                    "maxQty": "1000000",
                    "minQty": "1"
                },
                {
                    "stepSize": "1",
                    "filterType": "MARKET_LOT_SIZE",
                    "maxQty": "50680",
                    "minQty": "1"
                },
                {
                    "limit": 200,
                    "filterType": "MAX_NUM_ORDERS"
                },
                {
                    "limit": 100,
                    "filterType": "MAX_NUM_ALGO_ORDERS"
                },
                {
                    "multiplierDown": "0.9000",
                    "multiplierUp": "1.1000",
                    "multiplierDecimal": "4",
                    "filterType": "PERCENT_PRICE"
                }
            ],
            "orderTypes": [
                "LIMIT",
                "MARKET",
                "STOP",
                "STOP_MARKET",
                "TAKE_PROFIT",
                "TAKE_PROFIT_MARKET",
                "TRAILING_STOP_MARKET"
            ],
            "timeInForce": [
                "GTC",
                "IOC",
                "FOK",
                "GTX"
            ],
            "liquidationFee": "0.010000",
            "marketTakeBound": "0.10"
        },
        {
            "symbol": "EOSUSD",
            "pair": "EOSUSD",
            "contractType": "PERPETUAL",
            "deliveryDate": 4133404800000,
            "onboardDate": 1599375600000,
            "contractStatus": "TRADING",
            "contractSize": 10,
            "marginAsset": "EOS",
            "maintMarginPercent": "2.5000",
            "requiredMarginPercent": "5.0000",
            "baseAsset": "EOS",
            "quoteAsset": "USD",
            "pricePrecision": 3,
            "quantityPrecision": 0,
            "baseAssetPrecision": 8,
            "quotePrecision": 8,
            "equalQtyPrecision": 4,
            "maxMoveOrderLimit": 10000,
            "triggerProtect": "0.0500",
            "underlyingType": "COIN",
            "underlyingSubType": [],
            "filters": [
                {
                    "minPrice": "0.100",
                    "maxPrice": "1000",
                    "filterType": "PRICE_FILTER",
                    "tickSize": "0.001"
                },
                {
                    "stepSize": "1",
                    "filterType": "LOT_SIZE",
                    "maxQty": "1000000",
                    "minQty": "1"
                },
                {
                    "stepSize": "1",
                    "filterType": "MARKET_LOT_SIZE",
                    "maxQty": "77646",
                    "minQty": "1"
                },
                {
                    "limit": 200,
                    "filterType": "MAX_NUM_ORDERS"
                },
                {
                    "limit": 100,
                    "filterType": "MAX_NUM_ALGO_ORDERS"
                },
                {
                    "multiplierDown": "0.9000",
                    "multiplierUp": "1.1000",
                    "multiplierDecimal": "4",
                    "filterType": "PERCENT_PRICE"
                }
            ],
            "orderTypes": [
                "LIMIT",
                "MARKET",
                "STOP",
                "STOP_MARKET",
                "TAKE_PROFIT",
                "TAKE_PROFIT_MARKET",
                "TRAILING_STOP_MARKET"
            ],
            "timeInForce": [
                "GTC",
                "IOC",
                "FOK",
                "GTX"
            ],
            "liquidationFee": "0.010000",
            "marketTakeBound": "0.10"
        },
        {
            "symbol": "LTCUSD",
            "pair": "LTCUSD",
            "contractType": "PERPETUAL",
            "deliveryDate": 4133404800000,
            "onboardDate": 1599462000000,
            "contractStatus": "TRADING",
            "contractSize": 10,
            "marginAsset": "LTC",
            "maintMarginPercent": "2.5000",
            "requiredMarginPercent": "5.0000",
            "baseAsset": "LTC",
            "quoteAsset": "USD",
            "pricePrecision": 2,
            "quantityPrecision": 0,
            "baseAssetPrecision": 8,
            "quotePrecision": 8,
            "equalQtyPrecision": 4,
            "maxMoveOrderLimit": 10000,
            "triggerProtect": "0.0500",
            "underlyingType": "COIN",
            "underlyingSubType": [],
            "filters": [
                {
                    "minPrice": "3.80",
                    "maxPrice": "8000",
                    "filterType": "PRICE_FILTER",
                    "tickSize": "0.01"
                },
                {
                    "stepSize": "1",
                    "filterType": "LOT_SIZE",
                    "maxQty": "1000000",
                    "minQty": "1"
                },
                {
                    "stepSize": "1",
                    "filterType": "MARKET_LOT_SIZE",
                    "maxQty": "20000",
                    "minQty": "1"
                },
                {
                    "limit": 200,
                    "filterType": "MAX_NUM_ORDERS"
                },
                {
                    "limit": 100,
                    "filterType": "MAX_NUM_ALGO_ORDERS"
                },
                {
                    "multiplierDown": "0.9000",
                    "multiplierUp": "1.1000",
                    "multiplierDecimal": "4",
                    "filterType": "PERCENT_PRICE"
                }
            ],
            "orderTypes": [
                "LIMIT",
                "MARKET",
                "STOP",
                "STOP_MARKET",
                "TAKE_PROFIT",
                "TAKE_PROFIT_MARKET",
                "TRAILING_STOP_MARKET"
            ],
            "timeInForce": [
                "GTC",
                "IOC",
                "FOK",
                "GTX"
            ],
            "liquidationFee": "0.010000",
            "marketTakeBound": "0.10"
        },
        {
            "symbol": "BCHUSD",
            "pair": "BCHUSD",
            "contractType": "PERPETUAL",
            "deliveryDate": 4133404800000,
            "onboardDate": 1599462000000,
            "contractStatus": "TRADING",
            "contractSize": 10,
            "marginAsset": "BCH",
            "maintMarginPercent": "2.5000",
            "requiredMarginPercent": "5.0000",
            "baseAsset": "BCH",
            "quoteAsset": "USD",
            "pricePrecision": 2,
            "quantityPrecision": 0,
            "baseAssetPrecision": 8,
            "quotePrecision": 8,
            "equalQtyPrecision": 4,
            "maxMoveOrderLimit": 10000,
            "triggerProtect": "0.0500",
            "underlyingType": "COIN",
            "underlyingSubType": [],
            "filters": [
                {
                    "minPrice": "14.40",
                    "maxPrice": "20000",
                    "filterType": "PRICE_FILTER",
                    "tickSize": "0.01"
                },
                {
                    "stepSize": "1",
                    "filterType": "LOT_SIZE",
                    "maxQty": "1000000",
                    "minQty": "1"
                },
                {
                    "stepSize": "1",
                    "filterType": "MARKET_LOT_SIZE",
                    "maxQty": "100000",
                    "minQty": "1"
                },
                {
                    "limit": 200,
                    "filterType": "MAX_NUM_ORDERS"
                },
                {
                    "limit": 100,
                    "filterType": "MAX_NUM_ALGO_ORDERS"
                },
                {
                    "multiplierDown": "0.9000",
                    "multiplierUp": "1.1000",
                    "multiplierDecimal": "4",
                    "filterType": "PERCENT_PRICE"
                }
            ],
            "orderTypes": [
                "LIMIT",
                "MARKET",
                "STOP",
                "STOP_MARKET",
                "TAKE_PROFIT",
                "TAKE_PROFIT_MARKET",
                "TRAILING_STOP_MARKET"
            ],
            "timeInForce": [
                "GTC",
                "IOC",
                "FOK",
                "GTX"
            ],
            "liquidationFee": "0.010000",
            "marketTakeBound": "0.10"
        },
        {
            "symbol": "XRPUSD",
            "pair": "XRPUSD",
            "contractType": "PERPETUAL",
            "deliveryDate": 4133404800000,
            "onboardDate": 1599634800000,
            "contractStatus": "TRADING",
            "contractSize": 10,
            "marginAsset": "XRP",
            "maintMarginPercent": "2.5000",
            "requiredMarginPercent": "5.0000",
            "baseAsset": "XRP",
            "quoteAsset": "USD",
            "pricePrecision": 4,
            "quantityPrecision": 0,
            "baseAssetPrecision": 8,
            "quotePrecision": 8,
            "equalQtyPrecision": 4,
            "maxMoveOrderLimit": 10000,
            "triggerProtect": "0.0500",
            "underlyingType": "COIN",
            "underlyingSubType": [],
            "filters": [
                {
                    "minPrice": "0.0150",
                    "maxPrice": "100",
                    "filterType": "PRICE_FILTER",
                    "tickSize": "0.0001"
                },
                {
                    "stepSize": "1",
                    "filterType": "LOT_SIZE",
                    "maxQty": "1000000",
                    "minQty": "1"
                },
                {
                    "stepSize": "1",
                    "filterType": "MARKET_LOT_SIZE",
                    "maxQty": "10000",
                    "minQty": "1"
                },
                {
                    "limit": 200,
                    "filterType": "MAX_NUM_ORDERS"
                },
                {
                    "limit": 100,
                    "filterType": "MAX_NUM_ALGO_ORDERS"
                },
                {
                    "multiplierDown": "0.9000",
                    "multiplierUp": "1.1000",
                    "multiplierDecimal": "4",
                    "filterType": "PERCENT_PRICE"
                }
            ],
            "orderTypes": [
                "LIMIT",
                "MARKET",
                "STOP",
                "STOP_MARKET",
                "TAKE_PROFIT",
                "TAKE_PROFIT_MARKET",
                "TRAILING_STOP_MARKET"
            ],
            "timeInForce": [
                "GTC",
                "IOC",
                "FOK",
                "GTX"
            ],
            "liquidationFee": "0.010000",
            "marketTakeBound": "0.10"
        },
        {
            "symbol": "ETCUSD",
            "pair": "ETCUSD",
            "contractType": "PERPETUAL",
            "deliveryDate": 4133404800000,
            "onboardDate": 1599634800000,
            "contractStatus": "TRADING",
            "contractSize": 10,
            "marginAsset": "ETC",
            "maintMarginPercent": "2.5000",
            "requiredMarginPercent": "5.0000",
            "baseAsset": "ETC",
            "quoteAsset": "USD",
            "pricePrecision": 3,
            "quantityPrecision": 0,
            "baseAssetPrecision": 8,
            "quotePrecision": 8,
            "equalQtyPrecision": 4,
            "maxMoveOrderLimit": 10000,
            "triggerProtect": "0.0500",
            "underlyingType": "COIN",
            "underlyingSubType": [],
            "filters": [
                {
                    "minPrice": "1.200",
                    "maxPrice": "1000",
                    "filterType": "PRICE_FILTER",
                    "tickSize": "0.001"
                },
                {
                    "stepSize": "1",
                    "filterType": "LOT_SIZE",
                    "maxQty": "1000000",
                    "minQty": "1"
                },
                {
                    "stepSize": "1",
                    "filterType": "MARKET_LOT_SIZE",
                    "maxQty": "5000",
                    "minQty": "1"
                },
                {
                    "limit": 200,
                    "filterType": "MAX_NUM_ORDERS"
                },
                {
                    "limit": 100,
                    "filterType": "MAX_NUM_ALGO_ORDERS"
                },
                {
                    "multiplierDown": "0.9000",
                    "multiplierUp": "1.1000",
                    "multiplierDecimal": "4",
                    "filterType": "PERCENT_PRICE"
                }
            ],
            "orderTypes": [
                "LIMIT",
                "MARKET",
                "STOP",
                "STOP_MARKET",
                "TAKE_PROFIT",
                "TAKE_PROFIT_MARKET",
                "TRAILING_STOP_MARKET"
            ],
            "timeInForce": [
                "GTC",
                "IOC",
                "FOK",
                "GTX"
            ],
            "liquidationFee": "0.010000",
            "marketTakeBound": "0.10"
        },
        {
            "symbol": "FILUSD",
            "pair": "FILUSD",
            "contractType": "PERPETUAL",
            "deliveryDate": 4133404800000,
            "onboardDate": 1603350000000,
            "contractStatus": "TRADING",
            "contractSize": 10,
            "marginAsset": "FIL",
            "maintMarginPercent": "2.5000",
            "requiredMarginPercent": "5.0000",
            "baseAsset": "FIL",
            "quoteAsset": "USD",
            "pricePrecision": 3,
            "quantityPrecision": 0,
            "baseAssetPrecision": 8,
            "quotePrecision": 8,
            "equalQtyPrecision": 4,
            "maxMoveOrderLimit": 10000,
            "triggerProtect": "0.1500",
            "underlyingType": "COIN",
            "underlyingSubType": [],
            "filters": [
                {
                    "minPrice": "1.500",
                    "maxPrice": "10000",
                    "filterType": "PRICE_FILTER",
                    "tickSize": "0.001"
                },
                {
                    "stepSize": "1",
                    "filterType": "LOT_SIZE",
                    "maxQty": "1000000",
                    "minQty": "1"
                },
                {
                    "stepSize": "1",
                    "filterType": "MARKET_LOT_SIZE",
                    "maxQty": "6564",
                    "minQty": "1"
                },
                {
                    "limit": 200,
                    "filterType": "MAX_NUM_ORDERS"
                },
                {
                    "limit": 100,
                    "filterType": "MAX_NUM_ALGO_ORDERS"
                },
                {
                    "multiplierDown": "0.9000",
                    "multiplierUp": "1.1000",
                    "multiplierDecimal": "4",
                    "filterType": "PERCENT_PRICE"
                }
            ],
            "orderTypes": [
                "LIMIT",
                "MARKET",
                "STOP",
                "STOP_MARKET",
                "TAKE_PROFIT",
                "TAKE_PROFIT_MARKET",
                "TRAILING_STOP_MARKET"
            ],
            "timeInForce": [
                "GTC",
                "IOC",
                "FOK",
                "GTX"
            ],
            "liquidationFee": "0.015000",
            "marketTakeBound": "0.10"
        },
        {
            "symbol": "EGLDUSD",
            "pair": "EGLDUSD",
            "contractType": "PERPETUAL",
            "deliveryDate": 4133404800000,
            "onboardDate": 1608534000000,
            "contractStatus": "TRADING",
            "contractSize": 10,
            "marginAsset": "EGLD",
            "maintMarginPercent": "2.5000",
            "requiredMarginPercent": "5.0000",
            "baseAsset": "EGLD",
            "quoteAsset": "USD",
            "pricePrecision": 3,
            "quantityPrecision": 0,
            "baseAssetPrecision": 8,
            "quotePrecision": 8,
            "equalQtyPrecision": 4,
            "maxMoveOrderLimit": 10000,
            "triggerProtect": "0.0500",
            "underlyingType": "COIN",
            "underlyingSubType": [],
            "filters": [
                {
                    "minPrice": "1.840",
                    "maxPrice": "10000",
                    "filterType": "PRICE_FILTER",
                    "tickSize": "0.001"
                },
                {
                    "stepSize": "1",
                    "filterType": "LOT_SIZE",
                    "maxQty": "1000000",
                    "minQty": "1"
                },
                {
                    "stepSize": "1",
                    "filterType": "MARKET_LOT_SIZE",
                    "maxQty": "20000",
                    "minQty": "1"
                },
                {
                    "limit": 200,
                    "filterType": "MAX_NUM_ORDERS"
                },
                {
                    "limit": 100,
                    "filterType": "MAX_NUM_ALGO_ORDERS"
                },
                {
                    "multiplierDown": "0.9000",
                    "multiplierUp": "1.1000",
                    "multiplierDecimal": "4",
                    "filterType": "PERCENT_PRICE"
                }
            ],
            "orderTypes": [
                "LIMIT",
                "MARKET",
                "STOP",
                "STOP_MARKET",
                "TAKE_PROFIT",
                "TAKE_PROFIT_MARKET",
                "TRAILING_STOP_MARKET"
            ],
            "timeInForce": [
                "GTC",
                "IOC",
                "FOK",
                "GTX"
            ],
            "liquidationFee": "0.015000",
            "marketTakeBound": "0.10"
        },
        {
            "symbol": "DOGEUSD",
            "pair": "DOGEUSD",
            "contractType": "PERPETUAL",
            "deliveryDate": 4133404800000,
            "onboardDate": 1612162800000,
            "contractStatus": "TRADING",
            "contractSize": 10,
            "marginAsset": "DOGE",
            "maintMarginPercent": "2.5000",
            "requiredMarginPercent": "5.0000",
            "baseAsset": "DOGE",
            "quoteAsset": "USD",
            "pricePrecision": 6,
            "quantityPrecision": 0,
            "baseAssetPrecision": 8,
            "quotePrecision": 8,
            "equalQtyPrecision": 4,
            "maxMoveOrderLimit": 10000,
            "triggerProtect": "0.0500",
            "underlyingType": "COIN",
            "underlyingSubType": [
                "HOT"
            ],
            "filters": [
                {
                    "minPrice": "0.002000",
                    "maxPrice": "10",
                    "filterType": "PRICE_FILTER",
                    "tickSize": "0.000001"
                },
                {
                    "stepSize": "1",
                    "filterType": "LOT_SIZE",
                    "maxQty": "1000000",
                    "minQty": "1"
                },
                {
                    "stepSize": "1",
                    "filterType": "MARKET_LOT_SIZE",
                    "maxQty": "10000",
                    "minQty": "1"
                },
                {
                    "limit": 200,
                    "filterType": "MAX_NUM_ORDERS"
                },
                {
                    "limit": 100,
                    "filterType": "MAX_NUM_ALGO_ORDERS"
                },
                {
                    "multiplierDown": "0.9000",
                    "multiplierUp": "1.1000",
                    "multiplierDecimal": "4",
                    "filterType": "PERCENT_PRICE"
                }
            ],
            "orderTypes": [
                "LIMIT",
                "MARKET",
                "STOP",
                "STOP_MARKET",
                "TAKE_PROFIT",
                "TAKE_PROFIT_MARKET",
                "TRAILING_STOP_MARKET"
            ],
            "timeInForce": [
                "GTC",
                "IOC",
                "FOK",
                "GTX"
            ],
            "liquidationFee": "0.015000",
            "marketTakeBound": "0.10"
        },
        {
            "symbol": "ADAUSD_210924",
            "pair": "ADAUSD",
            "contractType": "CURRENT_QUARTER",
            "deliveryDate": 1632470400000,
            "onboardDate": 1616745600000,
            "contractStatus": "TRADING",
            "contractSize": 10,
            "marginAsset": "ADA",
            "maintMarginPercent": "2.5000",
            "requiredMarginPercent": "5.0000",
            "baseAsset": "ADA",
            "quoteAsset": "USD",
            "pricePrecision": 5,
            "quantityPrecision": 0,
            "baseAssetPrecision": 8,
            "quotePrecision": 8,
            "equalQtyPrecision": 4,
            "maxMoveOrderLimit": 10000,
            "triggerProtect": "0.0500",
            "underlyingType": "COIN",
            "underlyingSubType": [
                "HOT"
            ],
            "filters": [
                {
                    "minPrice": "0.01700",
                    "maxPrice": "100",
                    "filterType": "PRICE_FILTER",
                    "tickSize": "0.00001"
                },
                {
                    "stepSize": "1",
                    "filterType": "LOT_SIZE",
                    "maxQty": "1000000",
                    "minQty": "1"
                },
                {
                    "stepSize": "1",
                    "filterType": "MARKET_LOT_SIZE",
                    "maxQty": "10000",
                    "minQty": "1"
                },
                {
                    "limit": 200,
                    "filterType": "MAX_NUM_ORDERS"
                },
                {
                    "limit": 100,
                    "filterType": "MAX_NUM_ALGO_ORDERS"
                },
                {
                    "multiplierDown": "0.9000",
                    "multiplierUp": "1.1000",
                    "multiplierDecimal": "4",
                    "filterType": "PERCENT_PRICE"
                }
            ],
            "orderTypes": [
                "LIMIT",
                "MARKET",
                "STOP",
                "STOP_MARKET",
                "TAKE_PROFIT",
                "TAKE_PROFIT_MARKET",
                "TRAILING_STOP_MARKET"
            ],
            "timeInForce": [
                "GTC",
                "IOC",
                "FOK",
                "GTX"
            ],
            "liquidationFee": "0.010000",
            "marketTakeBound": "0.10"
        },
        {
            "symbol": "LINKUSD_210924",
            "pair": "LINKUSD",
            "contractType": "CURRENT_QUARTER",
            "deliveryDate": 1632470400000,
            "onboardDate": 1616745600000,
            "contractStatus": "TRADING",
            "contractSize": 10,
            "marginAsset": "LINK",
            "maintMarginPercent": "2.5000",
            "requiredMarginPercent": "5.0000",
            "baseAsset": "LINK",
            "quoteAsset": "USD",
            "pricePrecision": 3,
            "quantityPrecision": 0,
            "baseAssetPrecision": 8,
            "quotePrecision": 8,
            "equalQtyPrecision": 4,
            "maxMoveOrderLimit": 10000,
            "triggerProtect": "0.0500",
            "underlyingType": "COIN",
            "underlyingSubType": [
                "DEFI",
                "HOT"
            ],
            "filters": [
                {
                    "minPrice": "0.500",
                    "maxPrice": "2000",
                    "filterType": "PRICE_FILTER",
                    "tickSize": "0.001"
                },
                {
                    "stepSize": "1",
                    "filterType": "LOT_SIZE",
                    "maxQty": "1000000",
                    "minQty": "1"
                },
                {
                    "stepSize": "1",
                    "filterType": "MARKET_LOT_SIZE",
                    "maxQty": "50000",
                    "minQty": "1"
                },
                {
                    "limit": 200,
                    "filterType": "MAX_NUM_ORDERS"
                },
                {
                    "limit": 100,
                    "filterType": "MAX_NUM_ALGO_ORDERS"
                },
                {
                    "multiplierDown": "0.9000",
                    "multiplierUp": "1.1000",
                    "multiplierDecimal": "4",
                    "filterType": "PERCENT_PRICE"
                }
            ],
            "orderTypes": [
                "LIMIT",
                "MARKET",
                "STOP",
                "STOP_MARKET",
                "TAKE_PROFIT",
                "TAKE_PROFIT_MARKET",
                "TRAILING_STOP_MARKET"
            ],
            "timeInForce": [
                "GTC",
                "IOC",
                "FOK",
                "GTX"
            ],
            "liquidationFee": "0.010000",
            "marketTakeBound": "0.10"
        },
        {
            "symbol": "BCHUSD_210924",
            "pair": "BCHUSD",
            "contractType": "CURRENT_QUARTER",
            "deliveryDate": 1632470400000,
            "onboardDate": 1616745600000,
            "contractStatus": "TRADING",
            "contractSize": 10,
            "marginAsset": "BCH",
            "maintMarginPercent": "2.5000",
            "requiredMarginPercent": "5.0000",
            "baseAsset": "BCH",
            "quoteAsset": "USD",
            "pricePrecision": 2,
            "quantityPrecision": 0,
            "baseAssetPrecision": 8,
            "quotePrecision": 8,
            "equalQtyPrecision": 4,
            "maxMoveOrderLimit": 10000,
            "triggerProtect": "0.0500",
            "underlyingType": "COIN",
            "underlyingSubType": [],
            "filters": [
                {
                    "minPrice": "14.40",
                    "maxPrice": "8000",
                    "filterType": "PRICE_FILTER",
                    "tickSize": "0.01"
                },
                {
                    "stepSize": "1",
                    "filterType": "LOT_SIZE",
                    "maxQty": "1000000",
                    "minQty": "1"
                },
                {
                    "stepSize": "1",
                    "filterType": "MARKET_LOT_SIZE",
                    "maxQty": "20000",
                    "minQty": "1"
                },
                {
                    "limit": 200,
                    "filterType": "MAX_NUM_ORDERS"
                },
                {
                    "limit": 100,
                    "filterType": "MAX_NUM_ALGO_ORDERS"
                },
                {
                    "multiplierDown": "0.9000",
                    "multiplierUp": "1.1000",
                    "multiplierDecimal": "4",
                    "filterType": "PERCENT_PRICE"
                }
            ],
            "orderTypes": [
                "LIMIT",
                "MARKET",
                "STOP",
                "STOP_MARKET",
                "TAKE_PROFIT",
                "TAKE_PROFIT_MARKET",
                "TRAILING_STOP_MARKET"
            ],
            "timeInForce": [
                "GTC",
                "IOC",
                "FOK",
                "GTX"
            ],
            "liquidationFee": "0.010000",
            "marketTakeBound": "0.10"
        },
        {
            "symbol": "DOTUSD_210924",
            "pair": "DOTUSD",
            "contractType": "CURRENT_QUARTER",
            "deliveryDate": 1632470400000,
            "onboardDate": 1616745600000,
            "contractStatus": "TRADING",
            "contractSize": 10,
            "marginAsset": "DOT",
            "maintMarginPercent": "2.5000",
            "requiredMarginPercent": "5.0000",
            "baseAsset": "DOT",
            "quoteAsset": "USD",
            "pricePrecision": 3,
            "quantityPrecision": 0,
            "baseAssetPrecision": 8,
            "quotePrecision": 8,
            "equalQtyPrecision": 4,
            "maxMoveOrderLimit": 10000,
            "triggerProtect": "0.0500",
            "underlyingType": "COIN",
            "underlyingSubType": [],
            "filters": [
                {
                    "minPrice": "0.400",
                    "maxPrice": "3000",
                    "filterType": "PRICE_FILTER",
                    "tickSize": "0.001"
                },
                {
                    "stepSize": "1",
                    "filterType": "LOT_SIZE",
                    "maxQty": "1000000",
                    "minQty": "1"
                },
                {
                    "stepSize": "1",
                    "filterType": "MARKET_LOT_SIZE",
                    "maxQty": "5000",
                    "minQty": "1"
                },
                {
                    "limit": 200,
                    "filterType": "MAX_NUM_ORDERS"
                },
                {
                    "limit": 100,
                    "filterType": "MAX_NUM_ALGO_ORDERS"
                },
                {
                    "multiplierDown": "0.9000",
                    "multiplierUp": "1.1000",
                    "multiplierDecimal": "4",
                    "filterType": "PERCENT_PRICE"
                }
            ],
            "orderTypes": [
                "LIMIT",
                "MARKET",
                "STOP",
                "STOP_MARKET",
                "TAKE_PROFIT",
                "TAKE_PROFIT_MARKET",
                "TRAILING_STOP_MARKET"
            ],
            "timeInForce": [
                "GTC",
                "IOC",
                "FOK",
                "GTX"
            ],
            "liquidationFee": "0.010000",
            "marketTakeBound": "0.10"
        },
        {
            "symbol": "XRPUSD_210924",
            "pair": "XRPUSD",
            "contractType": "CURRENT_QUARTER",
            "deliveryDate": 1632470400000,
            "onboardDate": 1616745600000,
            "contractStatus": "TRADING",
            "contractSize": 10,
            "marginAsset": "XRP",
            "maintMarginPercent": "2.5000",
            "requiredMarginPercent": "5.0000",
            "baseAsset": "XRP",
            "quoteAsset": "USD",
            "pricePrecision": 4,
            "quantityPrecision": 0,
            "baseAssetPrecision": 8,
            "quotePrecision": 8,
            "equalQtyPrecision": 4,
            "maxMoveOrderLimit": 10000,
            "triggerProtect": "0.0500",
            "underlyingType": "COIN",
            "underlyingSubType": [],
            "filters": [
                {
                    "minPrice": "0.0150",
                    "maxPrice": "100",
                    "filterType": "PRICE_FILTER",
                    "tickSize": "0.0001"
                },
                {
                    "stepSize": "1",
                    "filterType": "LOT_SIZE",
                    "maxQty": "1000000",
                    "minQty": "1"
                },
                {
                    "stepSize": "1",
                    "filterType": "MARKET_LOT_SIZE",
                    "maxQty": "10000",
                    "minQty": "1"
                },
                {
                    "limit": 200,
                    "filterType": "MAX_NUM_ORDERS"
                },
                {
                    "limit": 100,
                    "filterType": "MAX_NUM_ALGO_ORDERS"
                },
                {
                    "multiplierDown": "0.9000",
                    "multiplierUp": "1.1000",
                    "multiplierDecimal": "4",
                    "filterType": "PERCENT_PRICE"
                }
            ],
            "orderTypes": [
                "LIMIT",
                "MARKET",
                "STOP",
                "STOP_MARKET",
                "TAKE_PROFIT",
                "TAKE_PROFIT_MARKET",
                "TRAILING_STOP_MARKET"
            ],
            "timeInForce": [
                "GTC",
                "IOC",
                "FOK",
                "GTX"
            ],
            "liquidationFee": "0.010000",
            "marketTakeBound": "0.10"
        },
        {
            "symbol": "LTCUSD_210924",
            "pair": "LTCUSD",
            "contractType": "CURRENT_QUARTER",
            "deliveryDate": 1632470400000,
            "onboardDate": 1616745600000,
            "contractStatus": "TRADING",
            "contractSize": 10,
            "marginAsset": "LTC",
            "maintMarginPercent": "2.5000",
            "requiredMarginPercent": "5.0000",
            "baseAsset": "LTC",
            "quoteAsset": "USD",
            "pricePrecision": 2,
            "quantityPrecision": 0,
            "baseAssetPrecision": 8,
            "quotePrecision": 8,
            "equalQtyPrecision": 4,
            "maxMoveOrderLimit": 10000,
            "triggerProtect": "0.0500",
            "underlyingType": "COIN",
            "underlyingSubType": [],
            "filters": [
                {
                    "minPrice": "3.80",
                    "maxPrice": "8000",
                    "filterType": "PRICE_FILTER",
                    "tickSize": "0.01"
                },
                {
                    "stepSize": "1",
                    "filterType": "LOT_SIZE",
                    "maxQty": "1000000",
                    "minQty": "1"
                },
                {
                    "stepSize": "1",
                    "filterType": "MARKET_LOT_SIZE",
                    "maxQty": "20000",
                    "minQty": "1"
                },
                {
                    "limit": 200,
                    "filterType": "MAX_NUM_ORDERS"
                },
                {
                    "limit": 100,
                    "filterType": "MAX_NUM_ALGO_ORDERS"
                },
                {
                    "multiplierDown": "0.9000",
                    "multiplierUp": "1.1000",
                    "multiplierDecimal": "4",
                    "filterType": "PERCENT_PRICE"
                }
            ],
            "orderTypes": [
                "LIMIT",
                "MARKET",
                "STOP",
                "STOP_MARKET",
                "TAKE_PROFIT",
                "TAKE_PROFIT_MARKET",
                "TRAILING_STOP_MARKET"
            ],
            "timeInForce": [
                "GTC",
                "IOC",
                "FOK",
                "GTX"
            ],
            "liquidationFee": "0.010000",
            "marketTakeBound": "0.10"
        },
        {
            "symbol": "BNBUSD_210924",
            "pair": "BNBUSD",
            "contractType": "CURRENT_QUARTER",
            "deliveryDate": 1632470400000,
            "onboardDate": 1616745600000,
            "contractStatus": "TRADING",
            "contractSize": 10,
            "marginAsset": "BNB",
            "maintMarginPercent": "2.5000",
            "requiredMarginPercent": "5.0000",
            "baseAsset": "BNB",
            "quoteAsset": "USD",
            "pricePrecision": 3,
            "quantityPrecision": 0,
            "baseAssetPrecision": 8,
            "quotePrecision": 8,
            "equalQtyPrecision": 4,
            "maxMoveOrderLimit": 10000,
            "triggerProtect": "0.0500",
            "underlyingType": "COIN",
            "underlyingSubType": [],
            "filters": [
                {
                    "minPrice": "7",
                    "maxPrice": "3000",
                    "filterType": "PRICE_FILTER",
                    "tickSize": "0.001"
                },
                {
                    "stepSize": "1",
                    "filterType": "LOT_SIZE",
                    "maxQty": "1000000",
                    "minQty": "1"
                },
                {
                    "stepSize": "1",
                    "filterType": "MARKET_LOT_SIZE",
                    "maxQty": "5000",
                    "minQty": "1"
                },
                {
                    "limit": 200,
                    "filterType": "MAX_NUM_ORDERS"
                },
                {
                    "limit": 100,
                    "filterType": "MAX_NUM_ALGO_ORDERS"
                },
                {
                    "multiplierDown": "0.9000",
                    "multiplierUp": "1.1000",
                    "multiplierDecimal": "4",
                    "filterType": "PERCENT_PRICE"
                }
            ],
            "orderTypes": [
                "LIMIT",
                "MARKET",
                "STOP",
                "STOP_MARKET",
                "TAKE_PROFIT",
                "TAKE_PROFIT_MARKET",
                "TRAILING_STOP_MARKET"
            ],
            "timeInForce": [
                "GTC",
                "IOC",
                "FOK",
                "GTX"
            ],
            "liquidationFee": "0.010000",
            "marketTakeBound": "0.10"
        },
        {
            "symbol": "UNIUSD",
            "pair": "UNIUSD",
            "contractType": "PERPETUAL",
            "deliveryDate": 4133404800000,
            "onboardDate": 1618297200000,
            "contractStatus": "TRADING",
            "contractSize": 10,
            "marginAsset": "UNI",
            "maintMarginPercent": "2.5000",
            "requiredMarginPercent": "5.0000",
            "baseAsset": "UNI",
            "quoteAsset": "USD",
            "pricePrecision": 3,
            "quantityPrecision": 0,
            "baseAssetPrecision": 8,
            "quotePrecision": 8,
            "equalQtyPrecision": 4,
            "maxMoveOrderLimit": 10000,
            "triggerProtect": "0.0500",
            "underlyingType": "COIN",
            "underlyingSubType": [],
            "filters": [
                {
                    "minPrice": "0.390",
                    "maxPrice": "10000",
                    "filterType": "PRICE_FILTER",
                    "tickSize": "0.001"
                },
                {
                    "stepSize": "1",
                    "filterType": "LOT_SIZE",
                    "maxQty": "1000000",
                    "minQty": "1"
                },
                {
                    "stepSize": "1",
                    "filterType": "MARKET_LOT_SIZE",
                    "maxQty": "5000",
                    "minQty": "1"
                },
                {
                    "limit": 200,
                    "filterType": "MAX_NUM_ORDERS"
                },
                {
                    "limit": 100,
                    "filterType": "MAX_NUM_ALGO_ORDERS"
                },
                {
                    "multiplierDown": "0.9000",
                    "multiplierUp": "1.1000",
                    "multiplierDecimal": "4",
                    "filterType": "PERCENT_PRICE"
                }
            ],
            "orderTypes": [
                "LIMIT",
                "MARKET",
                "STOP",
                "STOP_MARKET",
                "TAKE_PROFIT",
                "TAKE_PROFIT_MARKET",
                "TRAILING_STOP_MARKET"
            ],
            "timeInForce": [
                "GTC",
                "IOC",
                "FOK",
                "GTX"
            ],
            "liquidationFee": "0.015000",
            "marketTakeBound": "0.10"
        },
        {
            "symbol": "THETAUSD",
            "pair": "THETAUSD",
            "contractType": "PERPETUAL",
            "deliveryDate": 4133404800000,
            "onboardDate": 1618297200000,
            "contractStatus": "TRADING",
            "contractSize": 10,
            "marginAsset": "THETA",
            "maintMarginPercent": "2.5000",
            "requiredMarginPercent": "5.0000",
            "baseAsset": "THETA",
            "quoteAsset": "USD",
            "pricePrecision": 3,
            "quantityPrecision": 0,
            "baseAssetPrecision": 8,
            "quotePrecision": 8,
            "equalQtyPrecision": 4,
            "maxMoveOrderLimit": 10000,
            "triggerProtect": "0.0500",
            "underlyingType": "COIN",
            "underlyingSubType": [],
            "filters": [
                {
                    "minPrice": "0.100",
                    "maxPrice": "10000",
                    "filterType": "PRICE_FILTER",
                    "tickSize": "0.001"
                },
                {
                    "stepSize": "1",
                    "filterType": "LOT_SIZE",
                    "maxQty": "1000000",
                    "minQty": "1"
                },
                {
                    "stepSize": "1",
                    "filterType": "MARKET_LOT_SIZE",
                    "maxQty": "2500",
                    "minQty": "1"
                },
                {
                    "limit": 200,
                    "filterType": "MAX_NUM_ORDERS"
                },
                {
                    "limit": 100,
                    "filterType": "MAX_NUM_ALGO_ORDERS"
                },
                {
                    "multiplierDown": "0.9000",
                    "multiplierUp": "1.1000",
                    "multiplierDecimal": "4",
                    "filterType": "PERCENT_PRICE"
                }
            ],
            "orderTypes": [
                "LIMIT",
                "MARKET",
                "STOP",
                "STOP_MARKET",
                "TAKE_PROFIT",
                "TAKE_PROFIT_MARKET",
                "TRAILING_STOP_MARKET"
            ],
            "timeInForce": [
                "GTC",
                "IOC",
                "FOK",
                "GTX"
            ],
            "liquidationFee": "0.015000",
            "marketTakeBound": "0.10"
        },
        {
            "symbol": "XLMUSD",
            "pair": "XLMUSD",
            "contractType": "PERPETUAL",
            "deliveryDate": 4133404800000,
            "onboardDate": 1618470000000,
            "contractStatus": "TRADING",
            "contractSize": 10,
            "marginAsset": "XLM",
            "maintMarginPercent": "2.5000",
            "requiredMarginPercent": "5.0000",
            "baseAsset": "XLM",
            "quoteAsset": "USD",
            "pricePrecision": 5,
            "quantityPrecision": 0,
            "baseAssetPrecision": 8,
            "quotePrecision": 8,
            "equalQtyPrecision": 4,
            "maxMoveOrderLimit": 10000,
            "triggerProtect": "0.0500",
            "underlyingType": "COIN",
            "underlyingSubType": [],
            "filters": [
                {
                    "minPrice": "0.00700",
                    "maxPrice": "5",
                    "filterType": "PRICE_FILTER",
                    "tickSize": "0.00001"
                },
                {
                    "stepSize": "1",
                    "filterType": "LOT_SIZE",
                    "maxQty": "1000000",
                    "minQty": "1"
                },
                {
                    "stepSize": "1",
                    "filterType": "MARKET_LOT_SIZE",
                    "maxQty": "5000",
                    "minQty": "1"
                },
                {
                    "limit": 200,
                    "filterType": "MAX_NUM_ORDERS"
                },
                {
                    "limit": 100,
                    "filterType": "MAX_NUM_ALGO_ORDERS"
                },
                {
                    "multiplierDown": "0.9000",
                    "multiplierUp": "1.1000",
                    "multiplierDecimal": "4",
                    "filterType": "PERCENT_PRICE"
                }
            ],
            "orderTypes": [
                "LIMIT",
                "MARKET",
                "STOP",
                "STOP_MARKET",
                "TAKE_PROFIT",
                "TAKE_PROFIT_MARKET",
                "TRAILING_STOP_MARKET"
            ],
            "timeInForce": [
                "GTC",
                "IOC",
                "FOK",
                "GTX"
            ],
            "liquidationFee": "0.015000",
            "marketTakeBound": "0.10"
        },
        {
            "symbol": "ADAUSD_211231",
            "pair": "ADAUSD",
            "contractType": "NEXT_QUARTER",
            "deliveryDate": 1640937600000,
            "onboardDate": 1624608000000,
            "contractStatus": "TRADING",
            "contractSize": 10,
            "marginAsset": "ADA",
            "maintMarginPercent": "2.5000",
            "requiredMarginPercent": "5.0000",
            "baseAsset": "ADA",
            "quoteAsset": "USD",
            "pricePrecision": 5,
            "quantityPrecision": 0,
            "baseAssetPrecision": 8,
            "quotePrecision": 8,
            "equalQtyPrecision": 4,
            "maxMoveOrderLimit": 10000,
            "triggerProtect": "0.0500",
            "underlyingType": "COIN",
            "underlyingSubType": [],
            "filters": [
                {
                    "minPrice": "0.01700",
                    "maxPrice": "100",
                    "filterType": "PRICE_FILTER",
                    "tickSize": "0.00001"
                },
                {
                    "stepSize": "1",
                    "filterType": "LOT_SIZE",
                    "maxQty": "1000000",
                    "minQty": "1"
                },
                {
                    "stepSize": "1",
                    "filterType": "MARKET_LOT_SIZE",
                    "maxQty": "5000",
                    "minQty": "1"
                },
                {
                    "limit": 200,
                    "filterType": "MAX_NUM_ORDERS"
                },
                {
                    "limit": 100,
                    "filterType": "MAX_NUM_ALGO_ORDERS"
                },
                {
                    "multiplierDown": "0.9000",
                    "multiplierUp": "1.1000",
                    "multiplierDecimal": "4",
                    "filterType": "PERCENT_PRICE"
                }
            ],
            "orderTypes": [
                "LIMIT",
                "MARKET",
                "STOP",
                "STOP_MARKET",
                "TAKE_PROFIT",
                "TAKE_PROFIT_MARKET",
                "TRAILING_STOP_MARKET"
            ],
            "timeInForce": [
                "GTC",
                "IOC",
                "FOK",
                "GTX"
            ],
            "liquidationFee": "0.010000",
            "marketTakeBound": "0.10"
        },
        {
            "symbol": "LINKUSD_211231",
            "pair": "LINKUSD",
            "contractType": "NEXT_QUARTER",
            "deliveryDate": 1640937600000,
            "onboardDate": 1624608000000,
            "contractStatus": "TRADING",
            "contractSize": 10,
            "marginAsset": "LINK",
            "maintMarginPercent": "2.5000",
            "requiredMarginPercent": "5.0000",
            "baseAsset": "LINK",
            "quoteAsset": "USD",
            "pricePrecision": 3,
            "quantityPrecision": 0,
            "baseAssetPrecision": 8,
            "quotePrecision": 8,
            "equalQtyPrecision": 4,
            "maxMoveOrderLimit": 10000,
            "triggerProtect": "0.0500",
            "underlyingType": "COIN",
            "underlyingSubType": [
                "DEFI"
            ],
            "filters": [
                {
                    "minPrice": "0.500",
                    "maxPrice": "2000",
                    "filterType": "PRICE_FILTER",
                    "tickSize": "0.001"
                },
                {
                    "stepSize": "1",
                    "filterType": "LOT_SIZE",
                    "maxQty": "1000000",
                    "minQty": "1"
                },
                {
                    "stepSize": "1",
                    "filterType": "MARKET_LOT_SIZE",
                    "maxQty": "5000",
                    "minQty": "1"
                },
                {
                    "limit": 200,
                    "filterType": "MAX_NUM_ORDERS"
                },
                {
                    "limit": 100,
                    "filterType": "MAX_NUM_ALGO_ORDERS"
                },
                {
                    "multiplierDown": "0.9000",
                    "multiplierUp": "1.1000",
                    "multiplierDecimal": "4",
                    "filterType": "PERCENT_PRICE"
                }
            ],
            "orderTypes": [
                "LIMIT",
                "MARKET",
                "STOP",
                "STOP_MARKET",
                "TAKE_PROFIT",
                "TAKE_PROFIT_MARKET",
                "TRAILING_STOP_MARKET"
            ],
            "timeInForce": [
                "GTC",
                "IOC",
                "FOK",
                "GTX"
            ],
            "liquidationFee": "0.010000",
            "marketTakeBound": "0.10"
        },
        {
            "symbol": "BCHUSD_211231",
            "pair": "BCHUSD",
            "contractType": "NEXT_QUARTER",
            "deliveryDate": 1640937600000,
            "onboardDate": 1624608000000,
            "contractStatus": "TRADING",
            "contractSize": 10,
            "marginAsset": "BCH",
            "maintMarginPercent": "2.5000",
            "requiredMarginPercent": "5.0000",
            "baseAsset": "BCH",
            "quoteAsset": "USD",
            "pricePrecision": 2,
            "quantityPrecision": 0,
            "baseAssetPrecision": 8,
            "quotePrecision": 8,
            "equalQtyPrecision": 4,
            "maxMoveOrderLimit": 10000,
            "triggerProtect": "0.0500",
            "underlyingType": "COIN",
            "underlyingSubType": [],
            "filters": [
                {
                    "minPrice": "14.40",
                    "maxPrice": "8000",
                    "filterType": "PRICE_FILTER",
                    "tickSize": "0.01"
                },
                {
                    "stepSize": "1",
                    "filterType": "LOT_SIZE",
                    "maxQty": "1000000",
                    "minQty": "1"
                },
                {
                    "stepSize": "1",
                    "filterType": "MARKET_LOT_SIZE",
                    "maxQty": "5000",
                    "minQty": "1"
                },
                {
                    "limit": 200,
                    "filterType": "MAX_NUM_ORDERS"
                },
                {
                    "limit": 100,
                    "filterType": "MAX_NUM_ALGO_ORDERS"
                },
                {
                    "multiplierDown": "0.9000",
                    "multiplierUp": "1.1000",
                    "multiplierDecimal": "4",
                    "filterType": "PERCENT_PRICE"
                }
            ],
            "orderTypes": [
                "LIMIT",
                "MARKET",
                "STOP",
                "STOP_MARKET",
                "TAKE_PROFIT",
                "TAKE_PROFIT_MARKET",
                "TRAILING_STOP_MARKET"
            ],
            "timeInForce": [
                "GTC",
                "IOC",
                "FOK",
                "GTX"
            ],
            "liquidationFee": "0.010000",
            "marketTakeBound": "0.10"
        },
        {
            "symbol": "DOTUSD_211231",
            "pair": "DOTUSD",
            "contractType": "NEXT_QUARTER",
            "deliveryDate": 1640937600000,
            "onboardDate": 1624608000000,
            "contractStatus": "TRADING",
            "contractSize": 10,
            "marginAsset": "DOT",
            "maintMarginPercent": "2.5000",
            "requiredMarginPercent": "5.0000",
            "baseAsset": "DOT",
            "quoteAsset": "USD",
            "pricePrecision": 3,
            "quantityPrecision": 0,
            "baseAssetPrecision": 8,
            "quotePrecision": 8,
            "equalQtyPrecision": 4,
            "maxMoveOrderLimit": 10000,
            "triggerProtect": "0.0500",
            "underlyingType": "COIN",
            "underlyingSubType": [],
            "filters": [
                {
                    "minPrice": "0.400",
                    "maxPrice": "3000",
                    "filterType": "PRICE_FILTER",
                    "tickSize": "0.001"
                },
                {
                    "stepSize": "1",
                    "filterType": "LOT_SIZE",
                    "maxQty": "1000000",
                    "minQty": "1"
                },
                {
                    "stepSize": "1",
                    "filterType": "MARKET_LOT_SIZE",
                    "maxQty": "5000",
                    "minQty": "1"
                },
                {
                    "limit": 200,
                    "filterType": "MAX_NUM_ORDERS"
                },
                {
                    "limit": 100,
                    "filterType": "MAX_NUM_ALGO_ORDERS"
                },
                {
                    "multiplierDown": "0.9000",
                    "multiplierUp": "1.1000",
                    "multiplierDecimal": "4",
                    "filterType": "PERCENT_PRICE"
                }
            ],
            "orderTypes": [
                "LIMIT",
                "MARKET",
                "STOP",
                "STOP_MARKET",
                "TAKE_PROFIT",
                "TAKE_PROFIT_MARKET",
                "TRAILING_STOP_MARKET"
            ],
            "timeInForce": [
                "GTC",
                "IOC",
                "FOK",
                "GTX"
            ],
            "liquidationFee": "0.010000",
            "marketTakeBound": "0.10"
        },
        {
            "symbol": "XRPUSD_211231",
            "pair": "XRPUSD",
            "contractType": "NEXT_QUARTER",
            "deliveryDate": 1640937600000,
            "onboardDate": 1624608000000,
            "contractStatus": "TRADING",
            "contractSize": 10,
            "marginAsset": "XRP",
            "maintMarginPercent": "2.5000",
            "requiredMarginPercent": "5.0000",
            "baseAsset": "XRP",
            "quoteAsset": "USD",
            "pricePrecision": 4,
            "quantityPrecision": 0,
            "baseAssetPrecision": 8,
            "quotePrecision": 8,
            "equalQtyPrecision": 4,
            "maxMoveOrderLimit": 10000,
            "triggerProtect": "0.0500",
            "underlyingType": "COIN",
            "underlyingSubType": [],
            "filters": [
                {
                    "minPrice": "0.0150",
                    "maxPrice": "100",
                    "filterType": "PRICE_FILTER",
                    "tickSize": "0.0001"
                },
                {
                    "stepSize": "1",
                    "filterType": "LOT_SIZE",
                    "maxQty": "1000000",
                    "minQty": "1"
                },
                {
                    "stepSize": "1",
                    "filterType": "MARKET_LOT_SIZE",
                    "maxQty": "5000",
                    "minQty": "1"
                },
                {
                    "limit": 200,
                    "filterType": "MAX_NUM_ORDERS"
                },
                {
                    "limit": 100,
                    "filterType": "MAX_NUM_ALGO_ORDERS"
                },
                {
                    "multiplierDown": "0.9000",
                    "multiplierUp": "1.1000",
                    "multiplierDecimal": "4",
                    "filterType": "PERCENT_PRICE"
                }
            ],
            "orderTypes": [
                "LIMIT",
                "MARKET",
                "STOP",
                "STOP_MARKET",
                "TAKE_PROFIT",
                "TAKE_PROFIT_MARKET",
                "TRAILING_STOP_MARKET"
            ],
            "timeInForce": [
                "GTC",
                "IOC",
                "FOK",
                "GTX"
            ],
            "liquidationFee": "0.010000",
            "marketTakeBound": "0.10"
        },
        {
            "symbol": "LTCUSD_211231",
            "pair": "LTCUSD",
            "contractType": "NEXT_QUARTER",
            "deliveryDate": 1640937600000,
            "onboardDate": 1624608000000,
            "contractStatus": "TRADING",
            "contractSize": 10,
            "marginAsset": "LTC",
            "maintMarginPercent": "2.5000",
            "requiredMarginPercent": "5.0000",
            "baseAsset": "LTC",
            "quoteAsset": "USD",
            "pricePrecision": 2,
            "quantityPrecision": 0,
            "baseAssetPrecision": 8,
            "quotePrecision": 8,
            "equalQtyPrecision": 4,
            "maxMoveOrderLimit": 10000,
            "triggerProtect": "0.0500",
            "underlyingType": "COIN",
            "underlyingSubType": [],
            "filters": [
                {
                    "minPrice": "3.80",
                    "maxPrice": "8000",
                    "filterType": "PRICE_FILTER",
                    "tickSize": "0.01"
                },
                {
                    "stepSize": "1",
                    "filterType": "LOT_SIZE",
                    "maxQty": "1000000",
                    "minQty": "1"
                },
                {
                    "stepSize": "1",
                    "filterType": "MARKET_LOT_SIZE",
                    "maxQty": "5000",
                    "minQty": "1"
                },
                {
                    "limit": 200,
                    "filterType": "MAX_NUM_ORDERS"
                },
                {
                    "limit": 100,
                    "filterType": "MAX_NUM_ALGO_ORDERS"
                },
                {
                    "multiplierDown": "0.9000",
                    "multiplierUp": "1.1000",
                    "multiplierDecimal": "4",
                    "filterType": "PERCENT_PRICE"
                }
            ],
            "orderTypes": [
                "LIMIT",
                "MARKET",
                "STOP",
                "STOP_MARKET",
                "TAKE_PROFIT",
                "TAKE_PROFIT_MARKET",
                "TRAILING_STOP_MARKET"
            ],
            "timeInForce": [
                "GTC",
                "IOC",
                "FOK",
                "GTX"
            ],
            "liquidationFee": "0.010000",
            "marketTakeBound": "0.10"
        },
        {
            "symbol": "BNBUSD_211231",
            "pair": "BNBUSD",
            "contractType": "NEXT_QUARTER",
            "deliveryDate": 1640937600000,
            "onboardDate": 1624608000000,
            "contractStatus": "TRADING",
            "contractSize": 10,
            "marginAsset": "BNB",
            "maintMarginPercent": "2.5000",
            "requiredMarginPercent": "5.0000",
            "baseAsset": "BNB",
            "quoteAsset": "USD",
            "pricePrecision": 3,
            "quantityPrecision": 0,
            "baseAssetPrecision": 8,
            "quotePrecision": 8,
            "equalQtyPrecision": 4,
            "maxMoveOrderLimit": 10000,
            "triggerProtect": "0.0500",
            "underlyingType": "COIN",
            "underlyingSubType": [],
            "filters": [
                {
                    "minPrice": "7",
                    "maxPrice": "3000",
                    "filterType": "PRICE_FILTER",
                    "tickSize": "0.001"
                },
                {
                    "stepSize": "1",
                    "filterType": "LOT_SIZE",
                    "maxQty": "1000000",
                    "minQty": "1"
                },
                {
                    "stepSize": "1",
                    "filterType": "MARKET_LOT_SIZE",
                    "maxQty": "5000",
                    "minQty": "1"
                },
                {
                    "limit": 200,
                    "filterType": "MAX_NUM_ORDERS"
                },
                {
                    "limit": 100,
                    "filterType": "MAX_NUM_ALGO_ORDERS"
                },
                {
                    "multiplierDown": "0.9000",
                    "multiplierUp": "1.1000",
                    "multiplierDecimal": "4",
                    "filterType": "PERCENT_PRICE"
                }
            ],
            "orderTypes": [
                "LIMIT",
                "MARKET",
                "STOP",
                "STOP_MARKET",
                "TAKE_PROFIT",
                "TAKE_PROFIT_MARKET",
                "TRAILING_STOP_MARKET"
            ],
            "timeInForce": [
                "GTC",
                "IOC",
                "FOK",
                "GTX"
            ],
            "liquidationFee": "0.010000",
            "marketTakeBound": "0.10"
        }
    ]
}